"year","list","position","rank","name","last_name","net_worth.millions","age","source","industry","gender","squareImage","url.bio.forbes","url.image"
2016,"India 50",1,1,"Mukesh Ambani","Ambani",22700,61,"petrochemicals, oil & gas","Energy","M","//specials-images.forbesimg.com/imageserve/5a7f3b7931358e4955ad1a39/416x416.jpg?background=000000&cropX1=5&cropX2=1013&cropY1=214&cropY2=1223","http://www.forbes.com/profile/mukesh-ambani","http://i.forbesimg.com/media/lists/people/mukesh-ambani_200x200.jpg"
2016,"India 50",2,2,"Dilip Shanghvi","Shanghvi",16900,62,"pharmaceuticals","Healthcare","M","//specials-images.forbesimg.com/imageserve/59cbfe1aa7ea434a34f46ad9/416x416.jpg?background=000000&cropX1=731&cropX2=3388&cropY1=11&cropY2=2667","http://www.forbes.com/profile/dilip-shanghvi","http://i.forbesimg.com/media/lists/people/dilip-shanghvi_200x200.jpg"
2016,"India 50",3,3,"Hinduja family","Hinduja",15200,NA,"Hinduja Group","Diversified","M","//specials-images.forbesimg.com/imageserve/5a8159ea4bbe6f2652f547d4/416x416.jpg?background=000000&cropX1=1029&cropX2=3189&cropY1=6&cropY2=2165","http://www.forbes.com/profile/hinduja","http://i.forbesimg.com/media/lists/people/hinduja_200x200.jpg"
2016,"India 50",4,4,"Azim Premji","Premji",15000,72,"software services","Technology","M","//specials-images.forbesimg.com/imageserve/5a7f0e8231358e4955ad1813/416x416.jpg?background=000000&cropX1=979&cropX2=3562&cropY1=11&cropY2=2592","http://www.forbes.com/profile/azim-premji","http://i.forbesimg.com/media/lists/people/azim-premji_200x200.jpg"
2016,"India 50",5,5,"Pallonji Mistry","Mistry",13900,89,"construction","Construction & Engineering","M","//specials-images.forbesimg.com/imageserve/222dbe79a423261046cbdb42ac70e16b/416x416.jpg?background=000000&cropX1=3&cropX2=744&cropY1=3&cropY2=744","http://www.forbes.com/profile/pallonji-mistry","http://i.forbesimg.com/media/lists/people/pallonji-mistry_200x200.jpg"
2016,"India 50",6,6,"Lakshmi Mittal","Mittal",12500,68,"steel","Metals & Mining","M","//specials-images.forbesimg.com/imageserve/59cbfbf5a7ea434a34f46a72/416x416.jpg?background=000000&cropX1=15&cropX2=2362&cropY1=10&cropY2=2359","http://www.forbes.com/profile/lakshmi-mittal","http://i.forbesimg.com/media/lists/people/lakshmi-mittal_200x200.jpg"
2016,"India 50",7,7,"Godrej family","Godrej",12400,NA,"Godrej Group",NA,NA,"//specials-images.forbesimg.com/imageserve/59cbfcc9a7ea434a34f46a8b/416x416.jpg?background=000000&cropX1=394&cropX2=3045&cropY1=11&cropY2=2661","http://www.forbes.com/profile/godrej","http://i.forbesimg.com/media/lists/people/godrej_200x200.jpg"
2016,"India 50",8,8,"Shiv Nadar","Nadar",11400,72,"software services","Technology","M","//specials-images.forbesimg.com/imageserve/37d84982997cb979720fb6f28fa88067/416x416.jpg?background=000000&cropX1=0&cropX2=744&cropY1=111&cropY2=855","http://www.forbes.com/profile/shiv-nadar","http://i.forbesimg.com/media/lists/people/shiv-nadar_200x200.jpg"
2016,"India 50",9,9,"Kumar Birla","Birla",8800,51,"commodities","Diversified","M","//specials-images.forbesimg.com/imageserve/56ca6247e4b062f6b59a2f96/416x416.jpg?background=000000&cropX1=0&cropX2=744&cropY1=280&cropY2=1024","http://www.forbes.com/profile/kumar-birla","http://i.forbesimg.com/media/lists/people/kumar-birla_200x200.jpg"
2016,"India 50",10,10,"Cyrus Poonawalla","Poonawalla",8600,77,"vaccines","Healthcare","M","//specials-images.forbesimg.com/imageserve/5a7f180331358e4955ad1867/416x416.jpg?background=000000&cropX1=120&cropX2=1112&cropY1=128&cropY2=1120","http://www.forbes.com/profile/cyrus-poonawalla","http://i.forbesimg.com/media/lists/people/cyrus-poonawalla_200x200.jpg"
2016,"India 50",11,11,"Uday Kotak","Kotak",8300,59,"banking","Finance and Investments","M","//specials-images.forbesimg.com/imageserve/59d3d4884bbe6f37dd9fe8da/416x416.jpg?background=000000&cropX1=589&cropX2=1817&cropY1=651&cropY2=1879","http://www.forbes.com/profile/uday-kotak","http://i.forbesimg.com/media/lists/people/uday-kotak_200x200.jpg"
2016,"India 50",12,12,"Sunil Mittal","Mittal",6600,60,"telecom","Telecom","M","//specials-images.forbesimg.com/imageserve/5a7f52844bbe6f2652f530fe/416x416.jpg?background=000000&cropX1=32&cropX2=4500&cropY1=16&cropY2=4487","http://www.forbes.com/profile/sunil-mittal","http://i.forbesimg.com/media/lists/people/sunil-mittal_200x200.jpg"
2016,"India 50",13,13,"Gautam Adani","Adani",6300,56,"commodities, infrastructure","Diversified","M","//specials-images.forbesimg.com/imageserve/5a7f1dcaa7ea43169013291f/416x416.jpg?background=000000&cropX1=15&cropX2=770&cropY1=106&cropY2=861","http://www.forbes.com/profile/gautam-adani","http://i.forbesimg.com/media/lists/people/gautam-adani_200x200.jpg"
2016,"India 50",14,14,"Benu Gopal Bangur","Bangur",5900,87,"cement","Manufacturing","M","//specials-images.forbesimg.com/imageserve/a2452fb4fb9048a14be1e743af0f06bc/416x416.jpg?background=000000&cropX1=24&cropX2=721&cropY1=0&cropY2=698","http://www.forbes.com/profile/benu-gopal-bangur","http://i.forbesimg.com/media/lists/people/benu-gopal-bangur_200x200.jpg"
2016,"India 50",15,15,"Anand Burman","Burman",5850,66,"Consumer goods","Food and Beverage","M","//specials-images.forbesimg.com/imageserve/55f776c0e4b0ffa7afe49404/416x416.jpg?background=000000&cropX1=0&cropX2=744&cropY1=26&cropY2=770","http://www.forbes.com/profile/anand-burman","http://i.forbesimg.com/media/lists/people/anand-burman_200x200.jpg"
2016,"India 50",16,16,"Shashi & Ravi Ruia","Ruia",5800,NA,"diversified","Diversified","M",NA,"http://www.forbes.com/profile/shashi-ravi-ruia","http://i.forbesimg.com/media/lists/people/shashi-ravi-ruia_200x200.jpg"
2016,"India 50",17,17,"Bajaj Family","Bajaj",5700,NA,"Motorcycles","Automotive",NA,"//specials-images.forbesimg.com/imageserve/59cc04bfa7ea434a34f46b1a/416x416.jpg?background=000000&cropX1=37&cropX2=2367&cropY1=11&cropY2=2340","http://www.forbes.com/profile/bajaj-family","http://i.forbesimg.com/media/lists/people/bajaj-family_200x200.jpg"
2016,"India 50",18,18,"Subhash Chandra","Chandra",5600,67,"media","Media & Entertainment","M","//specials-images.forbesimg.com/imageserve/59d3d6ce31358e542c0344be/416x416.jpg?background=000000&cropX1=1886&cropX2=4500&cropY1=9&cropY2=2624","http://www.forbes.com/profile/subhash-chandra-1","http://i.forbesimg.com/media/lists/people/subhash-chandra-1_200x200.jpg"
2016,"India 50",19,19,"Savitri Jindal","Jindal",5300,68,"steel","Metals & Mining","F","//specials-images.forbesimg.com/imageserve/5a7f4d994bbe6f2652f530c4/416x416.jpg?background=000000&cropX1=0&cropX2=582&cropY1=49&cropY2=631","http://www.forbes.com/profile/savitri-jindal","http://i.forbesimg.com/media/lists/people/savitri-jindal_200x200.jpg"
2016,"India 50",20,20,"Desh Bandhu Gupta","Gupta",5100,80,"pharmaceuticals","Healthcare","M","http://specials-images.forbesimg.com/imageserve/06b81e91f5272914b6e0a8abfc1d3c9c/416x416.jpg?background=000000&cropX1=114&cropX2=744&cropY1=79&cropY2=709","http://www.forbes.com/profile/desh-bandhu-gupta","http://i.forbesimg.com/media/lists/people/desh-bandhu-gupta_200x200.jpg"
2016,"India 50",21,21,"Vikram Lal","Lal",5000,76,"motorcycles","Automotive","M","http://specials-images.forbesimg.com/imageserve/0b7489a98478ffa10c1fd6d222657941/416x416.jpg?background=000000&cropX1=31&cropX2=744&cropY1=66&cropY2=780","http://www.forbes.com/profile/vikram-lal","http://i.forbesimg.com/media/lists/people/vikram-lal_200x200.jpg"
2016,"India 50",22,22,"Kushal Pal Singh","Singh",4800,86,"real estate","Real Estate","M","//specials-images.forbesimg.com/imageserve/56ca6a42e4b062f6b59a3447/416x416.jpg?background=000000&cropX1=8&cropX2=744&cropY1=232&cropY2=968","http://www.forbes.com/profile/kushal-pal-singh","http://i.forbesimg.com/media/lists/people/kushal-pal-singh_200x200.jpg"
2016,"India 50",23,23,"Pankaj Patel","Patel",4500,65,"pharmaceuticals","Healthcare","M","//specials-images.forbesimg.com/imageserve/5a7f40de31358e4955ad1ab2/416x416.jpg?background=000000&cropX1=754&cropX2=3948&cropY1=7&cropY2=3203","http://www.forbes.com/profile/pankaj-patel","http://i.forbesimg.com/media/lists/people/pankaj-patel_200x200.jpg"
2016,"India 50",24,24,"Micky Jagtiani","Jagtiani",4400,66,"retail","Fashion & Retail","M","//specials-images.forbesimg.com/imageserve/59cc0a1e31358e542c02fa0b/416x416.jpg?background=000000&cropX1=246&cropX2=747&cropY1=1&cropY2=502","http://www.forbes.com/profile/micky-jagtiani","http://i.forbesimg.com/media/lists/people/micky-jagtiani_200x200.jpg"
2016,"India 50",25,25,"M.A. Yusuff Ali","Yusuff Ali",4000,62,"retail","Fashion & Retail","M","//specials-images.forbesimg.com/imageserve/5a7f33f14bbe6f2652f52f71/416x416.jpg?background=000000&cropX1=122&cropX2=1106&cropY1=0&cropY2=985","http://www.forbes.com/profile/ma-yusuff-ali","http://i.forbesimg.com/media/lists/people/ma-yusuff-ali_200x200.jpg"
2016,"India 50",26,26,"Madhukar Parekh","Parekh",3900,72,"Adhesives","Manufacturing","M","http://specials-images.forbesimg.com/imageserve/eed05cdec4b6c636687759993c8c5c83/416x416.jpg?background=000000&cropX1=91&cropX2=315&cropY1=53&cropY2=277","http://www.forbes.com/profile/madhukar-parekh","http://i.forbesimg.com/media/lists/people/madhukar-parekh_200x200.jpg"
2016,"India 50",27,27,"Sudhir & Samir Mehta","Mehta",3850,NA,"diversified","Diversified","M","//specials-images.forbesimg.com/imageserve/5abba482a7ea432fbc1d5d2a/416x416.jpg?background=000000&cropX1=1748&cropX2=4571&cropY1=233&cropY2=3058","http://www.forbes.com/profile/sudhir-samir-mehta","http://i.forbesimg.com/media/lists/people/sudhir-samir-mehta_200x200.jpg"
2016,"India 50",28,28,"Kuldip Singh & Gurbachan Singh Dhingra","Dhingra",3700,NA,"paints","Manufacturing","M","//specials-images.forbesimg.com/imageserve/9d847c68baaab474610d6f09e72d3aff/416x416.jpg?background=000000&cropX1=0&cropX2=744&cropY1=300&cropY2=1044","http://www.forbes.com/profile/kuldip-singh-gurbachan-singh-dhingra","http://i.forbesimg.com/media/lists/people/kuldip-singh-gurbachan-singh-dhingra_200x200.jpg"
2016,"India 50",29,29,"Pawan Munjal","Munjal",3650,64,"Motorcycles","Automotive","M","//specials-images.forbesimg.com/imageserve/57d8876631358e16c5898f96/416x416.jpg?background=000000&cropX1=253&cropX2=672&cropY1=137&cropY2=556","http://www.forbes.com/profile/pawan-munjal","http://i.forbesimg.com/media/lists/people/pawan-munjal_200x200.jpg"
2016,"India 50",30,30,"Harsh Mariwala","Mariwala",3640,67,"consumer goods","Food and Beverage","M","//specials-images.forbesimg.com/imageserve/59cc09d2a7ea434a34f46b80/416x416.jpg?background=000000&cropX1=1069&cropX2=3709&cropY1=17&cropY2=2658","http://www.forbes.com/profile/harsh-mariwala","http://i.forbesimg.com/media/lists/people/harsh-mariwala_200x200.jpg"
2016,"India 50",31,31,"Vivek Chaand Sehgal","Sehgal",3600,61,"auto parts","Automotive","M","http://specials-images.forbesimg.com/imageserve/57d8881f4bbe6f6781c4f08c/416x416.jpg?background=000000&cropX1=188&cropX2=470&cropY1=216&cropY2=498","http://www.forbes.com/profile/vivek-chaand-sehgal","http://i.forbesimg.com/media/lists/people/vivek-chaand-sehgal_200x200.jpg"
2016,"India 50",32,32,"Anil Ambani","Ambani",3400,59,"diversified","Diversified","M","//specials-images.forbesimg.com/imageserve/5a7f08f14bbe6f2652f52d0b/416x416.jpg?background=000000&cropX1=202&cropX2=2287&cropY1=0&cropY2=2084","http://www.forbes.com/profile/anil-ambani","http://i.forbesimg.com/media/lists/people/anil-ambani_200x200.jpg"
2016,"India 50",33,33,"Kapil & Rahul Bhatia","Bhatia",3350,NA,"Airlines","Service","M","//specials-images.forbesimg.com/imageserve/55f77d16e4b0ffa7afe49443/416x416.jpg?background=000000&cropX1=0&cropX2=744&cropY1=224&cropY2=968","http://www.forbes.com/profile/kapil-rahul-bhatia","http://i.forbesimg.com/media/lists/people/kapil-rahul-bhatia_200x200.jpg"
2016,"India 50",34,34,"Ashwin Dani","Dani",3300,75,"paints","Manufacturing","M","//specials-images.forbesimg.com/imageserve/c01e374c2f9f59b8ef40099b563fc188/416x416.jpg?background=000000&cropX1=238&cropX2=660&cropY1=174&cropY2=596","http://www.forbes.com/profile/ashwin-dani","http://i.forbesimg.com/media/lists/people/ashwin-dani_200x200.jpg"
2016,"India 50",35,35,"Ajay Piramal","Piramal",3250,62,"pharmaceuticals","Healthcare","M","//specials-images.forbesimg.com/imageserve/5a7f033b4bbe6f2652f52cc9/416x416.jpg?background=000000&cropX1=532&cropX2=2491&cropY1=207&cropY2=2168","http://www.forbes.com/profile/ajay-piramal","http://i.forbesimg.com/media/lists/people/ajay-piramal_200x200.jpg"
2016,"India 50",36,36,"Jain family","Jain",3200,NA,"media","Media & Entertainment",NA,NA,"http://www.forbes.com/profile/jain","http://i.forbesimg.com/media/lists/people/no-pic_200x200.jpg"
2016,"India 50",37,37,"P.V. Ramprasad Reddy","Reddy",3150,60,"pharmaceuticals","Healthcare","M","//specials-images.forbesimg.com/imageserve/d0be2e909f95f43c7f8c70b9d4c8d3cd/416x416.jpg?background=000000&cropX1=3&cropX2=744&cropY1=71&cropY2=812","http://www.forbes.com/profile/pv-ramprasad-reddy","http://i.forbesimg.com/media/lists/people/pv-ramprasad-reddy_200x200.jpg"
2016,"India 50",38,38,"Ravi Pillai","Pillai",3100,64,"construction","Construction & Engineering","M","//specials-images.forbesimg.com/imageserve/852181c7f225b2df196d085d65487095/416x416.jpg?background=000000&cropX1=89&cropX2=704&cropY1=81&cropY2=697","http://www.forbes.com/profile/ravi-pillai","http://i.forbesimg.com/media/lists/people/ravi-pillai_200x200.jpg"
2016,"India 50",39,39,"Vijay Chauhan","Chauhan",3000,82,"Biscuits","Food and Beverage","M",NA,"http://www.forbes.com/profile/vijay-chauhan","http://i.forbesimg.com/media/lists/people/vijay-chauhan_200x200.jpg"
2016,"India 50",40,40,"Kalanithi Maran","Maran",2900,52,"media","Media & Entertainment","M","//specials-images.forbesimg.com/imageserve/59cc09144bbe6f37dd9f9044/416x416.jpg?background=000000&cropX1=774&cropX2=3152&cropY1=5&cropY2=2384","http://www.forbes.com/profile/kalanithi-maran","http://i.forbesimg.com/media/lists/people/kalanithi-maran_200x200.jpg"
2016,"India 50",41,41,"Murali Divi","Divi",2800,67,"pharmaceuticals","Healthcare","M","//specials-images.forbesimg.com/imageserve/9839b42fb571122aa4b8bafb23270c90/416x416.jpg?background=000000&cropX1=55&cropX2=696&cropY1=355&cropY2=996","http://www.forbes.com/profile/murali-divi","http://i.forbesimg.com/media/lists/people/murali-divi_200x200.jpg"
2016,"India 50",42,42,"Samprada Singh","Singh",2700,91,"Pharma","Healthcare","M","//specials-images.forbesimg.com/imageserve/544f63b9c57492d292ebcad2cc8e9191/416x416.jpg?background=000000&cropX1=2&cropX2=733&cropY1=2&cropY2=734","http://www.forbes.com/profile/samprada-singh","http://i.forbesimg.com/media/lists/people/samprada-singh_200x200.jpg"
2016,"India 50",43,43,"Ashwin Choksi","Choksi",2650,75,"Paints","Manufacturing","M","http://specials-images.forbesimg.com/imageserve/79d2cf9965e5976e2b998483040a87a8/416x416.jpg?background=000000&cropX1=63&cropX2=744&cropY1=153&cropY2=835","http://www.forbes.com/profile/ashwin-choksi","http://i.forbesimg.com/media/lists/people/ashwin-choksi_200x200.jpg"
2016,"India 50",44,44,"Yusuf Hamied","Hamied",2600,81,"pharmaceuticals","Healthcare","M","//specials-images.forbesimg.com/imageserve/58a2300631358e1a35ab4f8f/416x416.jpg?background=000000&cropX1=101&cropX2=642&cropY1=0&cropY2=541","http://www.forbes.com/profile/yusuf-hamied-1","http://i.forbesimg.com/media/lists/people/yusuf-hamied-1_200x200.jpg"
2016,"India 50",45,45,"Rajan Raheja","Raheja",2550,64,"diversified","Diversified","M","//specials-images.forbesimg.com/imageserve/58a2210fa7ea431f32196fe6/416x416.jpg?background=000000&cropX1=3&cropX2=724&cropY1=169&cropY2=891","http://www.forbes.com/profile/rajan-raheja","http://i.forbesimg.com/media/lists/people/rajan-raheja_200x200.jpg"
2016,"India 50",46,46,"Vinod & Anil Rai Gupta","Gupta",2520,72,"electrical equipment","Manufacturing","F","//specials-images.forbesimg.com/imageserve/57dc48144bbe6f6781c51190/416x416.jpg?background=000000&cropX1=24&cropX2=716&cropY1=153&cropY2=846","http://www.forbes.com/profile/vinod-anil-rai-gupta","http://i.forbesimg.com/media/lists/people/vinod-anil-rai-gupta_200x200.jpg"
2016,"India 50",47,47,"B.R. Shetty","Shetty",2510,76,"healthcare","Healthcare","M","//specials-images.forbesimg.com/imageserve/56cafcc7e4b062f6b59a354a/416x416.jpg?background=000000&cropX1=56&cropX2=703&cropY1=93&cropY2=741","http://www.forbes.com/profile/br-shetty","http://i.forbesimg.com/media/lists/people/br-shetty_200x200.jpg"
2016,"India 50",48,48,"Acharya Balkrishna","Balkrishna",2500,45,"consumer goods","Food and Beverage","M","//specials-images.forbesimg.com/imageserve/5a7f023c4bbe6f2652f52cbd/416x416.jpg?background=000000&cropX1=90&cropX2=3361&cropY1=0&cropY2=3269","http://www.forbes.com/profile/acharya-balkrishna","http://i.forbesimg.com/media/lists/people/acharya-balkrishna_200x200.jpg"
2016,"India 50",49,49,"Abhay Vakil","Vakil",2450,67,"Paints","Manufacturing","M",NA,"http://www.forbes.com/profile/abhay-vakil","http://i.forbesimg.com/media/lists/people/abhay-vakil_200x200.jpg"
2016,"India 50",50,50,"Chandru Raheja","Raheja",2400,77,"real estate","Real Estate","M","http://specials-images.forbesimg.com/imageserve/b1bde4b8d73f0d81377ba1c1a1f1c9d1/416x416.jpg?background=000000&cropX1=0&cropX2=744&cropY1=2&cropY2=746","http://www.forbes.com/profile/chandru-raheja","http://i.forbesimg.com/media/lists/people/chandru-raheja_200x200.jpg"
2016,"India 50",51,51,"Baba Kalyani","Kalyani",2250,69,"engineering","Construction & Engineering","M","//specials-images.forbesimg.com/imageserve/57d88af331358e16c5898fd0/416x416.jpg?background=000000&cropX1=2&cropX2=744&cropY1=250&cropY2=993","http://www.forbes.com/profile/baba-kalyani","http://i.forbesimg.com/media/lists/people/baba-kalyani_200x200.jpg"
2016,"India 50",52,52,"Karsanbhai Patel","Patel",2240,74,"consumer goods","Diversified","M","//specials-images.forbesimg.com/imageserve/5a7f27bf31358e4955ad18fa/416x416.jpg?background=000000&cropX1=6&cropX2=1367&cropY1=376&cropY2=1737","http://www.forbes.com/profile/karsanbhai-patel","http://i.forbesimg.com/media/lists/people/karsanbhai-patel_200x200.jpg"
2016,"India 50",53,53,"Rakesh Jhunjhunwala","Jhunjhunwala",2200,58,"investments","Finance and Investments","M","//specials-images.forbesimg.com/imageserve/5a7f45e84bbe6f2652f52fe8/416x416.jpg?background=000000&cropX1=642&cropX2=2976&cropY1=232&cropY2=2564","http://www.forbes.com/profile/rakesh-jhunjhunwala","http://i.forbesimg.com/media/lists/people/rakesh-jhunjhunwala_200x200.jpg"
2016,"India 50",54,54,"Reddy Family","Reddy",2150,NA,"Pharma","Healthcare","M","//specials-images.forbesimg.com/imageserve/59cc1ce1a7ea434a34f46d97/416x416.jpg?background=000000&cropX1=778&cropX2=4493&cropY1=32&cropY2=3744","http://www.forbes.com/profile/reddy-family","http://i.forbesimg.com/media/lists/people/reddy-family_200x200.jpg"
2016,"India 50",55,55,"Amalgamations family","Amalgamations",2100,NA,"tractors","Manufacturing",NA,"http://specials-images.forbesimg.com/imageserve/57dc42ed31358e16c589a734/416x416.jpg?background=000000&cropX1=0&cropX2=744&cropY1=324&cropY2=1068","http://www.forbes.com/profile/amalgamations","http://i.forbesimg.com/media/lists/people/amalgamations_200x200.jpg"
2016,"India 50",56,56,"Mangal Prabhat Lodha","Lodha",2050,62,"real estate","Real Estate","M","//specials-images.forbesimg.com/imageserve/0ca251e6fe15d8e2d071c859d2cb26bc/416x416.jpg?background=000000&cropX1=0&cropX2=744&cropY1=122&cropY2=866","http://www.forbes.com/profile/mangal-prabhat-lodha","http://i.forbesimg.com/media/lists/people/mangal-prabhat-lodha_200x200.jpg"
2016,"India 50",57,57,"Sunil Vaswani","Vaswani",2000,55,"diversified","Diversified","M","//specials-images.forbesimg.com/imageserve/5602cdb6e4b0ffa7afe4f94a/416x416.jpg?background=000000&cropX1=2&cropX2=744&cropY1=3&cropY2=746","http://www.forbes.com/profile/sunil-vaswani","http://i.forbesimg.com/media/lists/people/sunil-vaswani_200x200.jpg"
2016,"India 50",58,58,"Rajendra Agarwal","Agarwal",1950,59,"pharmaceuticals","Healthcare","M","http://specials-images.forbesimg.com/imageserve/57e3f9944bbe6f24d1f88166/416x416.jpg?background=000000&cropX1=47&cropX2=720&cropY1=19&cropY2=693","http://www.forbes.com/profile/rajendra-agarwal","http://i.forbesimg.com/media/lists/people/rajendra-agarwal_200x200.jpg"
2016,"India 50",59,59,"MG George Muthoot","Muthoot",1920,68,"Financial services",NA,"M","http://specials-images.forbesimg.com/imageserve/57dc476b31358e16c589a73f/416x416.jpg?background=000000&cropX1=124&cropX2=739&cropY1=187&cropY2=803","http://www.forbes.com/profile/mg-george-muthoot","http://i.forbesimg.com/media/lists/people/mg-george-muthoot_200x200.jpg"
2016,"India 50",60,60,"Sunny Varkey","Varkey",1900,61,"education","Service","M","//specials-images.forbesimg.com/imageserve/59d3db1aa7ea436b47b3627e/416x416.jpg?background=000000&cropX1=1997&cropX2=3163&cropY1=446&cropY2=1612","http://www.forbes.com/profile/sunny-varkey","http://i.forbesimg.com/media/lists/people/sunny-varkey_200x200.jpg"
2016,"India 50",61,61,"Rajesh Mehta","Mehta",1880,54,"Gold","Metals & Mining","M","//specials-images.forbesimg.com/imageserve/59cc1239a7ea434a34f46c2a/416x416.jpg?background=000000&cropX1=17&cropX2=2592&cropY1=614&cropY2=3192","http://www.forbes.com/profile/rajesh-mehta","http://i.forbesimg.com/media/lists/people/rajesh-mehta_200x200.jpg"
2016,"India 50",62,62,"N.R. Narayana Murthy","Murthy",1870,71,"software services","Technology","M","//specials-images.forbesimg.com/imageserve/5a7f3fc0a7ea431690132ab3/416x416.jpg?background=000000&cropX1=1510&cropX2=3587&cropY1=0&cropY2=2076","http://www.forbes.com/profile/nr-narayana-murthy","http://i.forbesimg.com/media/lists/people/nr-narayana-murthy_200x200.jpg"
2016,"India 50",63,63,"Anil Agarwal","Agarwal",1860,64,"mining, metals","Metals & Mining","M","//specials-images.forbesimg.com/imageserve/5a7f094931358e4955ad1774/416x416.jpg?background=000000&cropX1=1189&cropX2=3858&cropY1=0&cropY2=2667","http://www.forbes.com/profile/anil-agarwal","http://i.forbesimg.com/media/lists/people/anil-agarwal_200x200.jpg"
2016,"India 50",64,64,"Mannalal Agrawal","Agrawal",1850,71,"pharmaceuticals","Healthcare","M","http://specials-images.forbesimg.com/imageserve/56015f09e4b0ffa7afe4ee33/416x416.jpg?background=000000&cropX1=29&cropX2=641&cropY1=163&cropY2=775","http://www.forbes.com/profile/mannalal-agrawal","http://i.forbesimg.com/media/lists/people/mannalal-agrawal_200x200.jpg"
2016,"India 50",65,65,"Kiran Mazumdar-Shaw","Mazumdar-Shaw",1830,65,"biotechnology","Healthcare","F","//specials-images.forbesimg.com/imageserve/5a7f280a31358e4955ad1901/416x416.jpg?background=000000&cropX1=1272&cropX2=3866&cropY1=0&cropY2=2592","http://www.forbes.com/profile/kiran-mazumdar-shaw","http://i.forbesimg.com/media/lists/people/kiran-mazumdar-shaw_200x200.jpg"
2016,"India 50",66,66,"Hasmukh Chudgar","Chudgar",1800,84,"pharmaceuticals","Healthcare","M","//specials-images.forbesimg.com/imageserve/5a7f2412a7ea43169013296c/416x416.jpg?background=000000&cropX1=86&cropX2=842&cropY1=76&cropY2=832","http://www.forbes.com/profile/hasmukh-chudgar","http://i.forbesimg.com/media/lists/people/no-pic_200x200.jpg"
2016,"India 50",67,67,"Mofatraj Munot","Munot",1790,73,"real estate","Real Estate","M","http://specials-images.forbesimg.com/imageserve/7c6c5d8021800a5b72c6170da704db3c/416x416.jpg?background=000000&cropX1=56&cropX2=567&cropY1=31&cropY2=542","http://www.forbes.com/profile/mofatraj-munot","http://i.forbesimg.com/media/lists/people/mofatraj-munot_200x200.jpg"
2016,"India 50",68,68,"Lachhman Das Mittal","Mittal",1780,87,"tractors","Automotive","M","//specials-images.forbesimg.com/imageserve/59cc1536a7ea434a34f46d14/416x416.jpg?background=000000&cropX1=15&cropX2=2304&cropY1=5&cropY2=2296","http://www.forbes.com/profile/lachhman-das-mittal","http://i.forbesimg.com/media/lists/people/lachhman-das-mittal_200x200.jpg"
2016,"India 50",69,69,"Glenn Saldanha","Saldanha",1770,47,"Pharmaceuticals","Healthcare","M","http://specials-images.forbesimg.com/imageserve/57d88e3f31358e16c5898fef/416x416.jpg?background=000000&cropX1=37&cropX2=689&cropY1=5&cropY2=658","http://www.forbes.com/profile/glenn-saldanha","http://i.forbesimg.com/media/lists/people/glenn-saldanha_200x200.jpg"
2016,"India 50",70,70,"Abhay Firodia","Firodia",1760,73,"automobiles","Automotive","M","//specials-images.forbesimg.com/imageserve/59cc11ab31358e542c02fafe/416x416.jpg?background=000000&cropX1=15&cropX2=2141&cropY1=15&cropY2=2140","http://www.forbes.com/profile/abhay-firodia","http://i.forbesimg.com/media/lists/people/abhay-firodia_200x200.jpg"
2016,"India 50",71,71,"Nirav Modi","Modi",1740,47,"diamond jewelry","Fashion & Retail","M","//specials-images.forbesimg.com/imageserve/5a7f3f07a7ea431690132aab/416x416.jpg?background=000000&cropX1=655&cropX2=3154&cropY1=1359&cropY2=3858","http://www.forbes.com/profile/nirav-modi","http://i.forbesimg.com/media/lists/people/nirav-modi_200x200.jpg"
2016,"India 50",72,72,"Ramesh Juneja","Juneja",1720,62,"pharmaceuticals","Healthcare","M","//specials-images.forbesimg.com/imageserve/59cc15df4bbe6f37dd9f9282/416x416.jpg?background=000000&cropX1=479&cropX2=2410&cropY1=4&cropY2=1936","http://www.forbes.com/profile/ramesh-juneja","http://i.forbesimg.com/media/lists/people/ramesh-juneja_200x200.jpg"
2016,"India 50",73,73,"Murugappa Family","Murugappa Family",1700,65,"Diversified","Diversified",NA,"//specials-images.forbesimg.com/imageserve/59cc137431358e542c02fbd5/416x416.jpg?background=000000&cropX1=324&cropX2=3132&cropY1=87&cropY2=2893","http://www.forbes.com/profile/murugappa-family","http://i.forbesimg.com/media/lists/people/murugappa-family_200x200.jpg"
2016,"India 50",74,74,"Ranjan Pai","Pai",1690,45,"education","Service","M","//specials-images.forbesimg.com/imageserve/57d88f80a7ea430a8a19de0f/416x416.jpg?background=000000&cropX1=23&cropX2=724&cropY1=106&cropY2=807","http://www.forbes.com/profile/ranjan-pai","http://i.forbesimg.com/media/lists/people/ranjan-pai_200x200.jpg"
2016,"India 50",75,75,"Harsh Goenka","Goenka",1670,60,"diversified","Diversified","M","//specials-images.forbesimg.com/imageserve/57d88fc5a7ea430a8a19de14/416x416.jpg?background=000000&cropX1=0&cropX2=596&cropY1=205&cropY2=801","http://www.forbes.com/profile/harsh-goenka","http://i.forbesimg.com/media/lists/people/harsh-goenka_200x200.jpg"
2016,"India 50",76,76,"Jitendra Virwani","Virwani",1660,52,"real estate","Real Estate","M","//specials-images.forbesimg.com/imageserve/59cc144ea7ea434a34f46ccd/416x416.jpg?background=000000&cropX1=626&cropX2=3974&cropY1=0&cropY2=3346","http://www.forbes.com/profile/jitendra-virwani","http://i.forbesimg.com/media/lists/people/jitendra-virwani_200x200.jpg"
2016,"India 50",77,77,"Salil Singhal","Singhal",1650,70,"agrochemicals","Manufacturing","M","http://specials-images.forbesimg.com/imageserve/55f9566ae4b0ffa7afe4a261/416x416.jpg?background=000000&cropX1=37&cropX2=704&cropY1=63&cropY2=730","http://www.forbes.com/profile/salil-singhal","http://i.forbesimg.com/media/lists/people/salil-singhal_200x200.jpg"
2016,"India 50",78,78,"P.N.C. Menon","Menon",1640,69,"real estate","Real Estate","M","//specials-images.forbesimg.com/imageserve/5a7fd965a7ea43169013324c/416x416.jpg?background=000000&cropX1=2857&cropX2=5247&cropY1=8&cropY2=2396","http://www.forbes.com/profile/pnc-menon","http://i.forbesimg.com/media/lists/people/pnc-menon_200x200.jpg"
2016,"India 50",79,79,"Leena Tewari","Tewari",1630,60,"pharmaceuticals","Healthcare","F","//specials-images.forbesimg.com/imageserve/5a7f334a4bbe6f2652f52f6e/416x416.jpg?background=000000&cropX1=76&cropX2=300&cropY1=2&cropY2=226","http://www.forbes.com/profile/leena-tewari","http://i.forbesimg.com/media/lists/people/leena-tewari_200x200.jpg"
2016,"India 50",80,80,"Nandan Nilekani","Nilekani",1620,63,"software services","Technology","M","//specials-images.forbesimg.com/imageserve/5a7f3c7c4bbe6f2652f52fab/416x416.jpg?background=000000&cropX1=741&cropX2=3175&cropY1=16&cropY2=2451","http://www.forbes.com/profile/nandan-nilekani","http://i.forbesimg.com/media/lists/people/nandan-nilekani_200x200.jpg"
2016,"India 50",81,81,"Senapathy Gopalakrishnan","Gopalakrishnan",1610,63,"software services","Technology","M","http://specials-images.forbesimg.com/imageserve/57d890984bbe6f6781c4f0e2/416x416.jpg?background=000000&cropX1=0&cropX2=744&cropY1=187&cropY2=931","http://www.forbes.com/profile/senapathy-gopalakrishnan","http://i.forbesimg.com/media/lists/people/senapathy-gopalakrishnan_200x200.jpg"
2016,"India 50",82,82,"Satish Mehta","Mehta",1600,67,"pharmaceuticals","Healthcare","M","http://specials-images.forbesimg.com/imageserve/57dc49a531358e16c589a744/416x416.jpg?background=000000&cropX1=209&cropX2=694&cropY1=118&cropY2=603","http://www.forbes.com/profile/satish-mehta","http://i.forbesimg.com/media/lists/people/satish-mehta_200x200.jpg"
2016,"India 50",83,83,"Ravi Jaipuria","Jaipuria",1570,63,"soft drinks","Food and Beverage","M","//specials-images.forbesimg.com/imageserve/59cc173531358e542c02fc2c/416x416.jpg?background=000000&cropX1=10&cropX2=1632&cropY1=10&cropY2=1633","http://www.forbes.com/profile/ravi-jaipuria","http://i.forbesimg.com/media/lists/people/ravi-jaipuria_200x200.jpg"
2016,"India 50",84,84,"Radhe Shyam Agarwal","Agarwal",1560,73,"consumer goods","Fashion & Retail","M","//specials-images.forbesimg.com/imageserve/0e96c29819c584840c6320805c622547/416x416.jpg?background=000000&cropX1=5&cropX2=744&cropY1=15&cropY2=755","http://www.forbes.com/profile/radhe-shyam-agarwal","http://i.forbesimg.com/media/lists/people/radhe-shyam-agarwal_200x200.jpg"
2016,"India 50",85,84,"Radhe Shyam Goenka","Goenka",1560,72,"consumer goods","Fashion & Retail","M","//specials-images.forbesimg.com/imageserve/98ff8ca7e8482f8118eec56850275103/416x416.jpg?background=000000&cropX1=50&cropX2=691&cropY1=108&cropY2=749","http://www.forbes.com/profile/radhe-shyam-goenka","http://i.forbesimg.com/media/lists/people/radhe-shyam-goenka_200x200.jpg"
2016,"India 50",86,86,"Sameer Gehlaut","Gehlaut",1550,44,"finance","Finance and Investments","M","//specials-images.forbesimg.com/imageserve/58fe039131358e58f07ab1d7/416x416.jpg?background=000000&cropX1=89&cropX2=979&cropY1=123&cropY2=1012","http://www.forbes.com/profile/sameer-gehlaut","http://i.forbesimg.com/media/lists/people/sameer-gehlaut_200x200.jpg"
2016,"India 50",87,87,"Devendra Jain","Jain",1540,89,"chemicals","Manufacturing","M","//specials-images.forbesimg.com/imageserve/bf1741ac1959019444c9f5a8a89a413d/416x416.jpg?background=000000&cropX1=0&cropX2=744&cropY1=55&cropY2=799","http://www.forbes.com/profile/devendra-jain","http://i.forbesimg.com/media/lists/people/devendra-jain_200x200.jpg"
2016,"India 50",88,88,"Jai Hari & Yadu Hari Dalmia","Dalmia",1500,NA,"cement","Manufacturing","M","//specials-images.forbesimg.com/imageserve/59cc130131358e542c02fbb3/416x416.jpg?background=000000&cropX1=23&cropX2=3648&cropY1=821&cropY2=4448","http://www.forbes.com/profile/jai-hari-yadu-hari-dalmia","http://i.forbesimg.com/media/lists/people/jai-hari-yadu-hari-dalmia_200x200.jpg"
2016,"India 50",89,89,"Vikas Oberoi","Oberoi",1450,47,"real estate","Real Estate","M","//specials-images.forbesimg.com/imageserve/ffdcd99a9e6ef28bea3c8696104c836d/416x416.jpg?background=000000&cropX1=155&cropX2=744&cropY1=6&cropY2=596","http://www.forbes.com/profile/vikas-oberoi","http://i.forbesimg.com/media/lists/people/vikas-oberoi_200x200.jpg"
2016,"India 50",90,90,"Anand Mahindra","Mahindra",1420,63,"automobiles","Automotive","M","//specials-images.forbesimg.com/imageserve/5a7f0883a7ea4316901327fd/416x416.jpg?background=000000&cropX1=794&cropX2=3451&cropY1=6&cropY2=2662","http://www.forbes.com/profile/anand-mahindra","http://i.forbesimg.com/media/lists/people/anand-mahindra_200x200.jpg"
2016,"India 50",91,91,"Sanjiv Goenka","Goenka",1400,57,"diversified","Diversified","M","//specials-images.forbesimg.com/imageserve/59d3deb14bbe6f37dd9fea04/416x416.jpg?background=000000&cropX1=986&cropX2=3052&cropY1=943&cropY2=3009","http://www.forbes.com/profile/sanjiv-goenka","http://i.forbesimg.com/media/lists/people/sanjiv-goenka_200x200.jpg"
2016,"India 50",92,92,"Malvinder & Shivinder Singh","Singh",1380,NA,"healthcare","Healthcare","M","http://specials-images.forbesimg.com/imageserve/57d8924131358e16c5899038/416x416.jpg?background=000000&cropX1=0&cropX2=744&cropY1=52&cropY2=796","http://www.forbes.com/profile/malvinder-shivinder-singh","http://i.forbesimg.com/media/lists/people/malvinder-shivinder-singh_200x200.jpg"
2016,"India 50",93,93,"Sunder Genomal","Genomal",1350,64,"garments","Fashion & Retail","M","http://specials-images.forbesimg.com/imageserve/55f956cce4b0ffa7afe4a265/416x416.jpg?background=000000&cropX1=0&cropX2=744&cropY1=66&cropY2=810","http://www.forbes.com/profile/sunder-genomal","http://i.forbesimg.com/media/lists/people/sunder-genomal_200x200.jpg"
2016,"India 50",94,94,"Ajay Kalsi","Kalsi",1310,57,"oil & gas","Energy","M","http://specials-images.forbesimg.com/imageserve/f1c1ff9778a03817c0d1e06535d75074/416x416.jpg?background=000000&cropX1=0&cropX2=372&cropY1=28&cropY2=400","http://www.forbes.com/profile/ajay-kalsi","http://i.forbesimg.com/media/lists/people/ajay-kalsi_200x200.jpg"
2016,"India 50",95,95,"Bhavin & Divyank Turakhia","Turakhia",1300,NA,"technology",NA,"M","//specials-images.forbesimg.com/imageserve/5a7f1071a7ea4316901328d8/416x416.jpg?background=000000&cropX1=1166&cropX2=3732&cropY1=86&cropY2=2650","http://www.forbes.com/profile/bhavin-divyank-turakhia","http://i.forbesimg.com/media/lists/people/bhavin-divyank-turakhia_200x200.jpg"
2016,"India 50",96,96,"Dilip & Anand Surana","Surana",1290,NA,"pharmaceuticals","Healthcare","M","http://specials-images.forbesimg.com/imageserve/f05487ee90eaf9c8ded1b8140ef9a3ae/416x416.jpg?background=000000&cropX1=87&cropX2=647&cropY1=18&cropY2=579","http://www.forbes.com/profile/dilip-anand-surana","http://i.forbesimg.com/media/lists/people/dilip-anand-surana_200x200.jpg"
2016,"India 50",97,97,"Azad Moopen","Moopen",1280,65,"healthcare","Healthcare","M","http://specials-images.forbesimg.com/imageserve/57d990b54bbe6f6781c4fb29/416x416.jpg?background=000000&cropX1=2&cropX2=545&cropY1=66&cropY2=609","http://www.forbes.com/profile/azad-moopen","http://i.forbesimg.com/media/lists/people/azad-moopen_200x200.jpg"
2016,"India 50",98,98,"Shamsheer Vayalil","Vayalil",1270,41,"healthcare","Healthcare","M","//specials-images.forbesimg.com/imageserve/59cc1beea7ea434a34f46d83/416x416.jpg?background=000000&cropX1=0&cropX2=426&cropY1=19&cropY2=445","http://www.forbes.com/profile/shamsheer-vayalil","http://i.forbesimg.com/media/lists/people/shamsheer-vayalil_200x200.jpg"
2016,"India 50",99,99,"Rajju Shroff","Shroff",1260,84,"Agrochemicals","Manufacturing","M","//specials-images.forbesimg.com/imageserve/58acbbeca7ea431f3219ea0a/416x416.jpg?background=000000&cropX1=2&cropX2=744&cropY1=0&cropY2=743","http://www.forbes.com/profile/rajju-shroff","http://i.forbesimg.com/media/lists/people/no-pic_200x200.jpg"
2016,"India 50",100,100,"Shyam & Hari Bhartia","Bhartia",1250,65,"Diversified","Diversified","M","//specials-images.forbesimg.com/imageserve/55f78925e4b0ffa7afe494ac/416x416.jpg?background=000000&cropX1=2&cropX2=744&cropY1=45&cropY2=788","http://www.forbes.com/profile/shyam-hari-bhartia","http://i.forbesimg.com/media/lists/people/shyam-hari-bhartia_200x200.jpg"
